{"1": {"value": 0.0, "t": 1758969140.6270173, "exposures": 3.0}, "2": {"value": 0.0, "t": 1758969140.6270173, "exposures": 3.0}, "3": {"value": 0.0, "t": 1758969140.6270173, "exposures": 3.0}}